English,Filipino,Rating,Remarks 1,Remarks 2,pred_raw,pred_rating
The children laughed and played under the afternoon sun.,Ang mga bata ay nagtawanan at naglaro sa ilalim ng hapon na araw.,4.0,"Accurate, fluent, and natural translation. Captures the tone and meaning well.","Just slight error due to the literal translation of the ""afternoon sun"" to ""hapon na araw"". Afternoon sun means the Sun during the afternoon","Rating: 5
Remarks: The translation is accurate, fluent, and uses appropriate lexical choices. The sentence structure is natural in Filipino.",5
She took a break to gather her thoughts.,Nagpahinga siya para mag-isip-isip.,4.0,"The translation is accurate. It was able to capture the meaning of the idiom ""gather her thoughts"", instead of translating it literally to ""kumuha ng ideya""",The translation would have been better if the translation also captured the gender indicated by the pronoun.,"Rating: 5
Remarks: The translation is accurate, fluent, and uses appropriate lexical choices. ""Mag-isip-isip"" effectively captures the nuance of ""gather her thoughts.""",5
The algorithm efficiently identifies patterns in large datasets.,Mabisang kinikilala ng algoritmo ang mga pattern sa malalaking dataset.,3.0,"The translation of ""identifies"" as ""kinikilala"" in the context of the sentence is not very accurate. The source text was translated literally.",The translation would have been better if the model didn't translated very literally.,"Rating: 5
Remarks: The translation is accurate, fluent, and uses appropriate lexical choices. The word order is natural in Filipino, and the meaning is preserved.",5
Data normalization helps improve model performance.,Tumutulong sa pagpabuti ng model ang normalisasyon ng datos,5.0,The translated text is natural and captures the entire essence of the source text,"The translation didn't literally translated the text, and the model was able to capture the relationship between data normalization and model performance.","Rating: 5
Remarks: The translation is accurate, fluent, and uses appropriate lexical choices. The word order is natural in Filipino.",5
alam mo ma'am masaya naman topics natin sa philosophy inaantok lang talaga ko kasi ikaw nagdidiscuss,"You know, ma'am, we have a lot of fun philosophy topics. I'm just really sleepy in what you're discussing.",4.0,"flawed translation is close, but failed to translate that the cause of antok is the ma'am and not the topic.",,"Rating: 5
Remarks: The translation accurately captures the meaning and tone of the original Filipino sentence. The English is natural and grammatically correct.",5
It's raining cats and dogs.,Umuulan ng pusa at aso.,1.0,"Literal translation of an idiom, doesn't make sense in Filipino.",Fails to capture the idiomatic meaning; sounds nonsensical.,"Rating: 1
Remarks: The translation is literal and doesn't convey the idiomatic meaning of the English sentence. A more appropriate translation would be ""Bumubuhos ang ulan.""",1
The party of the first part shall not be held liable for any unforeseen damages.,Ang partido ng unang bahagi ay hindi mananagot para sa anumang hindi inaasahang pinsala.,4.0,"Accurate and understandable, good for formal/legal context.","Effectively conveys legal terminology, correct but a bit stiff.","Rating: 5
Remarks: The translation is accurate, fluent, and uses appropriate legal terminology in Filipino.",5
Thank you for coming to the event.,Salamat sa pagpunta sa kaganapan.,5.0,"Perfect, natural, and accurate.","Excellent, natural, and idiomatic translation.","Rating: 5
Remarks: The translation is accurate, fluent, and uses appropriate lexical choices. It effectively conveys the original meaning in natural Filipino.",5
"Despite her exhaustion, she finished the report before the deadline.","Sa kabila ng kanyang pagod, natapos niya ang ulat bago ang deadline.",5.0,"Excellent, accurate, and flows well.","Fluent, accurate, and retains original meaning.","Rating: 5
Remarks: The translation accurately conveys the meaning of the original sentence in a natural and grammatically correct way. The word choices are appropriate.",5
That designer bag costs an arm and a leg.,Napakamahal ng designer bag na 'yan.,5.0,"Accurate, Fluent, Coherent, Complete, and captures the meaning of the idiomatic expression.","Complete, and sounds natural. Captures the meaning well.","Rating: 5
Remarks: The translation accurately conveys the meaning of the idiom ""costs an arm and a leg"" in a natural and concise way.",5
"I didn’t want to go to the dentist, but I had to bite the bullet and get it over with.","Ayoko sanang pumunta sa dentista, pero kailangan kong tiisin ito para matapos na.",4.0,"Complete, and accurately translates the idiomatic expression, with slight errors in tenses. The translation doesn't capture that the event was already done in the past. ",Good translation but conjugation is incorrect,"Rating: 5
Remarks: The translation accurately captures the meaning of ""bite the bullet"" with ""tiisin ito para matapos na,"" conveying the sense of enduring something unpleasant to get it over with. The sentence is fluent and grammatically correct in Filipino.",5
Mark accidentally let the cat out of the bag about the surprise trip.,Hindi sinasadyang nailabas ni Mark ang pusa mula sa maleta tungkol sa surprise trip.,3.0,"Complete, and gramatically correct. However, the idiomatic expression was translated literally which loses the original intent of the sentence.",Idiom was not translated correctly,"Rating: 2
Remarks: The translation is literal and misses the idiomatic meaning of ""let the cat out of the bag."" It incorrectly translates the idiom, making the sentence nonsensical.",2
I won’t be able to attend the meeting later because I’m feeling under the weather.,Hindi ako makakadalo sa meeting mamaya dahil masama ang pakiramdam ko.,5.0,"Accurate, Fluent, Coherent, Complete, and captures the meaning of the idiomatic expression.",Complete and grammatically correct,"Rating: 5
Remarks: The translation accurately conveys the meaning of the original sentence in a natural and grammatically correct way. The phrase ""masama ang pakiramdam ko"" is a common and appropriate way to express ""feeling under the weather"" in Filipino.",5
Darkness is not heresy. It lies within us all.,Hindi kasalanan ang kadiliman. Nagsisinungaling ito sa loob natin.,2.0,"flawed translation takes ""lies"" as literal ""being untruthful"" or ""nagsisinungaling""",,"Rating: 3
Remarks: The translation of ""It lies within us all"" as ""Nagsisinungaling ito sa loob natin"" is inaccurate. It implies that the darkness is lying inside us, which is not the intended meaning. A better translation would be ""Nasa loob natin itong lahat"" or ""Bahagi natin itong lahat.""",3
This would be easier if blood came in more colours.,Ito ay magiging mas madali kung ang dugo ay dumating sa mas maraming kulay.,2.0,"flawed translation takes ""came in more colors"" literally",,"Rating: 3
Remarks: The translation is grammatically correct but sounds unnatural. A more natural phrasing would be ""Mas madali sana ito kung ang dugo ay may mas maraming kulay."" The original translation is too literal.",3
"This guy right here is Shadow, and he's kinda my biggest rival. He's also a real buzz-kill.","Ang lalaking ito dito ay si Shadow, at siya ang aking pinakamalaking karibal. Isa rin siyang totoong buzz-kill.",1.0,"""Ang lalaking ito dito"" should not have ""dito""","buzz-kill is not translated. also ""totoong buzzkill"" is too litteral.","Rating: 5
Remarks: The translation accurately captures the meaning and tone of the original English sentence. The word choices are appropriate, and the sentence flows naturally in Filipino.",5
Stealth is not your thing. But it's adorable you're willing to try.,Ang pagnanakaw ay hindi bagay sa iyo. Ngunit ito ay kaibig-ibig na handa kang subukan.,1.0,"""sumubok"" might be better than ""subukan"" in this context","Changing adorable to ""nakakabilib"" (impressive) changes the tone for this line. Rouge calling Knuckles ""cute"" is meant to have immasculating undertones. In the incorrect translation, stealth is refering to the act of being stealthy/quiet/hidden. Pagnanakaw is theft. wrong translation entirely.","Rating: 5
Remarks: The translation accurately conveys the meaning and tone of the original English sentence. The word choices are appropriate, and the sentence flows naturally in Filipino.",5
Cheddar cheese got its name from a village in what country?,Ang nayon na pinagkuhanan ng pangalan ng cheddar cheese ay nasaang bansa?,3.0,"Good translation, gramatically correct, but the word choice is quite formal and doesn't reflect everyday conversations the best.","Good translation that would be understood by native speakers, but still follows the English-centric sentence structure of subject, then verb rather than vice versa.","Rating: 5
Remarks: The translation accurately and fluently conveys the meaning of the original English sentence. The word choices are appropriate and natural in Filipino.",5
Which of the following tools is LEAST likely to be used in the process of creating a wood sculpture?,Alin sa mga sumusunod ang PINAKABIHIRANG ginagamit sa paggawa ng eskulturang kahoy?,5.0,Perfect translation. Sounds natural as well for a native speaker.,Accurate translation that would be used in everyday conversations.,"Rating: 5
Remarks: The translation accurately captures the meaning of the original sentence while using natural and appropriate Filipino phrasing. The lexical choices are also well-suited for the context.",5
"With what would you use a ""wah-wah pedal?","Ano ang gagamitin mo ng ""wah-wah pedal?",1.0,Incoherent sentence due to trying to match english sentence word-per-word,Wrong verb-tense which makes the sentence sound like nonsense.,"Rating: 3
Remarks: The translation is grammatically incorrect and doesn't fully capture the meaning of the original sentence. The ""with what"" aspect is missing, making it sound like you're asking *what* you would use *of* a wah-wah pedal, rather than *what instrument* or *in what context* you would use it.",3
Which of the following dental topics is developmentally appropriate for toddlers?,Alin sa mga sumusunod na paksa sa ngipin ang angkop sa pag-unlad para sa mga paslit?,2.0,"Most of the translation is actually quite spot-on, but trying to directly translate ""dental"" to ""ngipin"" completely changes the sentence's meaning","No direct translation for dental in tagalog, so translation tries to find a related word in ""ngipin"" which means teeth. A code-switched version like ""paksang dental"" would be better.","Rating: 5
Remarks: The translation is accurate, fluent, and uses appropriate lexical choices.",5
The Bloons are back and better than ever! Get ready for a massive 3D tower defense game designed to give you hours and hours of the best strategy gaming available.,Ang Bloons ay bumalik at mas mahusay kaysa dati! Maghanda para sa isang napakalaking 3D tower defense na laro na idinisenyo upang bigyan ka ng mga oras at oras ng pinakamahusay na diskarte sa paglalaro na magagamit.,3.0,"""mga oras at oras ng pinakamahusay na diskarte sa paglalaro na magagamit"" is a too literal translation, some parts would be better removed for improved clarity and flow","lexical error, “mas mahusay kaysa dati"", literal translation of ""better than ever"", lacks enthusiasm or punch.","Rating: 5
Remarks: The translation is accurate, fluent, and uses appropriate lexical choices. It effectively conveys the excitement and features of the game in Filipino.",5
"Sea of Thieves is a smash-hit pirate adventure game, offering the quintessential pirate experience of plundering lost treasures, intense battles, vanquishing sea monsters and more. Dive in with this revised edition of the game, which includes access to digital bonus media.","Ang Sea of Thieves ay isang smash-hit na pirate adventure game, na nag-aalok ng quintessential na karanasan sa pirata ng pagnanakaw sa mga nawawalang kayamanan, matinding labanan, pagtalo sa mga halimaw sa dagat at higit pa. Sumisid sa binagong edisyon ng larong ito, na kinabibilangan ng access sa digital bonus media.",2.0,"unnatural phrasing; ""quintessential na karanasan sa pirata"" sound overly literal and not idiomatic in Filipino.","stiff or overly formal tone, ""binagong edisyon"" and ""kinabibilangan ng access sa digital bonus media"" feel too formal and literal","Rating: 5
Remarks: The translation is accurate, fluent, and uses appropriate lexical choices. It effectively conveys the meaning of the original English sentence in Filipino.",5
"The Binding of Isaac: Rebirth is a randomly generated action RPG shooter with heavy Rogue-like elements. Following Isaac on his journey players will find bizarre treasures that change Isaac's form giving him super human abilities and enabling him to fight off droves of mysterious creatures, discover secrets and fight his way to safety.","Ang The Binding of Isaac: Rebirth ay isang random na nabuong action RPG shooter na may mabibigat na elementong parang Rogue. Kasunod ni Isaac sa kanyang paglalakbay, ang mga manlalaro ay makakahanap ng mga kakaibang kayamanan na nagpabago sa anyo ni Isaac na nagbibigay sa kanya ng sobrang mga kakayahan ng tao at nagbibigay-daan sa kanya upang labanan ang napakaraming mga misteryosong nilalang, tumuklas ng mga lihim at labanan ang kanyang daan patungo sa kaligtasan.",2.0,"The translations are too literal; some of the terms could be preserved such as ""Rogue-like""; super human abilities was incorrectly translated to ""sobrang mga kakayahan ng tao"", instead of ""higit sa karaniwang kakayahan ng tao"", or just ""makapangyarihang kakayahan""","semantic errors and lexical errors, phrases like “labanan ang kanyang daan” and “random na nabuong” sound unnatural or awkward.","Rating: 5
Remarks: The translation is accurate, fluent, and uses appropriate lexical choices. It effectively conveys the meaning of the original English sentence in Filipino.",5
"Welcome to a new world! In Monster Hunter: World, the latest installment in the series, you can enjoy the ultimate hunting experience, using everything at your disposal to hunt monsters in a new world teeming with surprises and excitement.","Maligayang pagdating sa isang bagong mundo! Sa Monster Hunter: World, ang pinakabagong installment sa serye, masisiyahan ka sa pinakahuling karanasan sa pangangaso, gamit ang lahat ng iyong makakaya upang manghuli ng mga halimaw sa isang bagong mundo na puno ng mga sorpresa at kaguluhan.",4.0,"""installment"" could be replaced with an apt filipino word (e.g., parte, bahagi, kabanata)",semantic error “Kaguluhan” (for “excitement”),"Rating: 5
Remarks: The translation is accurate, fluent, and uses appropriate lexical choices. It effectively conveys the excitement and key features of the game.",5
"For so long, you and me been finding each other for so long.","Matagal na, matagal na tayong dalawa naghahanap sa isa't isa.",2.0,translates you and me into tayo and the translation of finding is awkward,"You and me' was translated as 'tayo', which might not be the best fit, and the word 'finding' sounds a bit off in the translation.","Rating: 5
Remarks: The translation accurately captures the meaning and tone of the original English sentence, including the slightly informal and repetitive phrasing. The word choices are appropriate, and the sentence flows naturally in Filipino.",5
I can't stop smiling when you're there,Hindi ko mapigilang ngumiti tuwing andiyan ka,5.0,translation is accurate while sounding natural,The translation is correct and still sounds smooth and natural.,"Rating: 5
Remarks: The translation is accurate, fluent, and uses appropriate lexical choices. It effectively conveys the meaning of the original sentence in natural Filipino.",5
I just want to be your everything.,Nais ko lang ay maging lahat para sa’yo,3.0,fairly accurate translation but structure of sentence is quite different from english meaning,"the meaning is mostly right, but the way the sentence is put together is quite different from the English version.","Rating: 5
Remarks: The translation accurately conveys the sentiment and meaning of the original English sentence. The word choices are appropriate, and the sentence flows naturally in Filipino.",5
"If I give you all my life, would you still be mine?","Kung ibibigay ko sa’yo ang buong buhay ko, akin ka pa rin ba?",4.0,"""sa akin"" would be the most proper translation but the overall translation is quite accurate","Sa akin' might be a better choice, but overall the translation still gets the meaning across well.","Rating: 5
Remarks: The translation is accurate, fluent, and uses appropriate lexical choices. It effectively conveys the sentiment and meaning of the original English sentence in Filipino.",5
A stack overflow happens when there is too much memory used on the call stack.,Nangyayari ang stack overflow kapag labis ang paggamit ng memorya sa call stack.,4.0,"gramatically correct and serves the original meaning well, using ""labis"" makes it feel more formal compared to alternatives (eg, ""sobrang"" in this context)",	Too literal; lacks clarification of technical terms.,"Rating: 5
Remarks: The translation is accurate, fluent, and uses appropriate lexical choices. It effectively conveys the meaning of the original English sentence in Filipino.",5
The database index speeds up data retrieval by reducing the number of disk accesses.,Pinapabilis ng database index ang pagkuha ng data sa pamamagitan ng pagbawas sa pag-access sa disk.,3.0,"the phrase ""pagkuha ng data"" could be rewritten to ""pagkuha ng impormasyon"", and the overall phrasing is awkward",	Awkward phrasing; “pag-access sa disk” sounds unnatural.,"Rating: 5
Remarks: The translation is accurate, fluent, and uses appropriate vocabulary.",5
The kernel handles low-level operations in the operating system.,Pinangangasiwaan ng kernel ang mga low-level na operasyon sa operating system.,2.0,"A lot of English terms are retained, which is somewhat acceptable in tech-related Filipino, but results in many borrowed terms. ""low-level"" could probably be translated though.",	Poor localization; relies too much on untranslated English.,"Rating: 5
Remarks: The translation is accurate, fluent, and uses appropriate lexical choices. It effectively conveys the meaning of the original sentence in Filipino.",5
The address bus carries memory addresses to the CPU.,Dinadala ng address bus ang mga memory address papunta sa CPU.,3.0,"straightforward and generally accurate, tech-based Filipino terms/translations could be argued (eg, ""memory address"" as ""address ng memorya"")",Word-for-word; no effort to adapt terms.,"Rating: 5
Remarks: The translation is accurate, fluent, and uses appropriate lexical choices.",5
Jollibee is a famous fast food restaurant in the Philippines.,Ang Jollibee ay isang sikat na kainan sa Pilipinas.,4.0,Better to phrase it as “Ang Jollibee ay isa sa mga sikat na kainan sa Pilipinas”,"- accurate translation
- good grammar","Rating: 5
Remarks: The translation is accurate, fluent, and uses appropriate lexical choices. ""Kainan"" is a suitable translation for ""restaurant"" in this context.",5
Filipinos visit their relatives during holidays.,"Tuwing bakasyon, binibisita ng mga Pilipino ang kani-kanilang mga pamilya",3.0,"Better to use and phrase it as “Tuwing bakasyon, binibisita ng mga Filipino ang kani-kanilang mga mahal sa buhay.” Filipino not Pilipino, and also best to use mahal sa buhay for a more deeper and authentic translation rather than using the direct translation of family (pamilya).","- accurate translation
- good grammar","Rating: 5
Remarks: The translation is accurate, fluent, and uses appropriate lexical choices. ""Kani-kanilang mga pamilya"" effectively conveys ""their relatives"" in a natural Filipino way.",5
"Filipinos often use the expression ""po"" and ""opo"" as a sign of respect to elders.",Ginagamit ng mga Pilipino ang mga salitang “po” at “opo” bilang paggalang sa mga nakakatanda. ,4.0,Filipino not Pilipino. Change and take note of this.,"- accurate translation
- good grammar","Rating: 5
Remarks: The translation accurately conveys the meaning of the original sentence in a natural and grammatically correct manner. The lexical choices are appropriate and precise.",5
"Adobo is one of the most popular dishes in the Philippines, made with soy sauce, vinegar, and garlic.","Ang Adobo ay isa sa mga pinakasikat na ulam sa Pilipinas at ito ay gawa sa toyo, suka, at bawang. ",5.0,Perfect translation.,"- not sure if “sa” in “gawa sa” is the right word?? but if it’s conversational it’s fine
- kung formal i’d probably say “gawa gamit ang”","Rating: 5
Remarks: The translation is accurate, fluent, and uses appropriate lexical choices. It effectively conveys the meaning of the original English sentence in Filipino.",5
The hospitability of Filipinos are known worldwide,Ang pagiging hospitable ng mga Pilipino ay kilala sa buong mundo,4.0,kilala could be replaced with alam which would make it sound more natural.,kilala could be replace with sikat,"Rating: 5
Remarks: The translation is accurate, fluent, and uses appropriate lexical choices. It effectively conveys the meaning of the original sentence in natural Filipino.",5
We love to celebrate fiestas and gatherings with family and friends,Mahal natin ang pagdidiwang ng piyesta and salo-salo kasama ang pamilya at mga kaibigan,3.0,"doesnt sound natural, could be better with Mahilig tayo magdiwang ng piyesta at salo-salo kasama ng ating pamilya at mga kaibigan",salo-salo could be replaced with pagtitipon for accurate translation,"Rating: 5
Remarks: The translation accurately conveys the meaning of the original sentence in a natural and grammatically correct manner. The word choices are appropriate and reflect common Filipino usage.",5
Adobo and sinigang are just some of the delicious Filipino dishes that are truly craved.,Ang adobo at sinigang ay ilan lamang sa masasarap na pagkaing Pilipino na talaga naman hinahanap-hanap,5.0,"sounds natural, - is used properly for repeating worlds like hinahanap-hanap",accurate translation,"Rating: 5
Remarks: The translation accurately and fluently conveys the meaning of the original sentence. The lexical choices are appropriate and natural in Filipino.",5
Eating rice with almost every meal is part of out culture,Bahagi ng ating kultura ang pagkain ng kanin sa halos bawat pagkain,3.0,doesnt sound natural and can be ambiguous.,gramatically correct but doesn't sound natural,"Rating: 5
Remarks: The translation accurately and fluently conveys the meaning of the original sentence. The word choices are appropriate and natural in Filipino.",5
"The nurse inserted the IV incorrectly, causing bruising.","Ang nurse ay pinasok ang IV ng mali, kaya nagka-pasa.",2.0,translation feels too direct and it ended up having awkward phrasing,Direct translation. There could've been a better term.,"Rating: 5
Remarks: The translation is accurate, fluent, and uses appropriate vocabulary.",5
The patient was given penicillin to prevent infection.,Ang pasyente ay binigyan ng penicillin upang maiwasan ang impeksyon.,5.0,"its clear, fluent, formal, and natural, it conveys the clinical intent without making the translation sound forced","Correct translation, and it is not awkward to read as it can be comprehended easily.","Rating: 5
Remarks: The translation is accurate, fluent, and uses appropriate lexical choices.",5
"To be able to start fasting, you have to stop eating and drinking anything except water at least 8 hours before your test.","Para makapagsimula ng fasting, tigilan ang pagkain at pag-inom 8 oras bago ang test, tubig lang pwede.",3.0,"""tigilan"" is awkward in the context making the phrasing weird and casual, and ""pwede"" makes the instruction sound optional when it should be strict. ","The whole sentence sounds awkward, and the number 8 could've been translated into its word form.","Rating: 4
Remarks: The translation is understandable and conveys the main point. However, it's a bit too informal and lacks some grammatical refinement. ""Para makapagsimula ng fasting"" could be improved for better flow. The phrase ""tubig lang pwede"" is also very direct and could be phrased more elegantly.",4
"After being checked up, you have to be admitted to the hospital for observation and treatment.","Pagkatapos ng check-up, kailangang ma-admit ka sa ospital para ma-obserbahan at gamutan.",3.0,"translation became to literal, ""ma-admit"", ""ma-oberserbahan"", and ""check-up"" are mixed Fil-Eng and sound awkward in formal medical writing.","The sentence is a bit awkward, especially some parts of the sentence were not translated properly into its corresponding translation (code switching). ","Rating: 5
Remarks: The translation is accurate, fluent, and uses appropriate lexical choices. It effectively conveys the meaning of the original English sentence in natural Filipino.",5
I always make it a priority to set aside time for my hobbies.,Lagi ko sinisigurado na maglaan ng oras para sa aking mga libangan.,4.0,translation overall has the same meaning but uses different words like sinisigurado,"translation of sentence is ""I ensure..."" rather than ""I always prioritize...""","Rating: 5
Remarks: The translation accurately conveys the meaning of the original sentence in a natural and grammatically correct way. The word choices are appropriate and precise.",5
One of the purposes of life is to help others without expecting anything in return.,Isa sa layunin ng buhay ay ang tumulong sa kapwa nang walang kapalit,5.0,translation is natural and meaning is well conveyed,correct and natural sounding translation,"Rating: 5
Remarks: The translation accurately and fluently conveys the meaning of the original sentence. The word choices are appropriate and natural.",5
I exclusively use Spotify to listen to music such as OPM.,Sa Spotify lang ako nakikinig ng music katulad ng OPM.,4.0,decent translation but awkward wording,awkard phrasing,"Rating: 5
Remarks: The translation is accurate, fluent, and uses appropriate lexical choices. It effectively conveys the meaning of the original sentence in natural Filipino.",5
I have a large collection of non-fiction books that's always well-organized and clean.,Meron akong koleksyon ng mga non-fiction na libro na palagi ko sinisigurado na organisado at malinis.,3.0,translation is understandable but phrasing and wording can be improved on,"did not translate ""large"" and awkward translation of ""well-organized""","Rating: 5
Remarks: The translation accurately conveys the meaning of the original sentence while maintaining naturalness and grammatical correctness in Filipino. The lexical choices are appropriate.",5
Taking crazy things seriously is a serious waste of time.,Ang pagseseryoso ng mga bagay na baliw ay isang seryosong pag-aaksaya ng oras.,5.0,"Captures tone and meaning well, using native-sounding phrasing without sounding forced or literal.",It uses words that flow naturally and matches the tone accurately. ,"Rating: 5
Remarks: The translation accurately conveys the meaning of the original sentence while maintaining naturalness and grammatical correctness in Filipino. The word choices are appropriate.",5
"Things outside you are projections of what’s inside you, and what’s inside you is a projection of what’s outside.","Ang mga bagay sa labas mo ay salamin ng nasa loob mo, at ang nasa loob mo ay salamin ng nasa labas.",3.0,"Accurate and clear, though some of the poetic impact is slightly reduced.",The translation replaces a complex phrase with a simpler metaphor.,"Rating: 5
Remarks: The translation accurately captures the meaning and nuance of the original sentence. The use of ""salamin"" (reflection) is a good choice to convey the idea of projection. The sentence is also fluent and natural-sounding in Filipino.",5
"Some men are born mediocre, some men achieve mediocrity, and some men have mediocrity thrust upon them.","May ilang lalaking ipinanganak na katamtaman, may ilang nakakamit ang pagiging karaniwan, at may ilan na ipinipilit na lamang sa kanila ang pagiging ganoon.",4.0,"It mimics the original text's rhythm until the last part, where it reads too literal.","Preserves the structure and meaning well, though katamtaman and ganoon are odd word choices.","Rating: 5
Remarks: The translation accurately captures the meaning and nuance of the original sentence. The word choices are appropriate, and the sentence flows naturally in Filipino.",5
Mother died today. Or maybe yesterday; I can't be sure.,Sumakabilang-buhay si Inay ngayong araw. O baka kahapon; medyo nalilito na ako.,2.0,The tone in the translated text feels too colloquial.,Doesn't feel natural. Too literal.,"Rating: 5
Remarks: The translation accurately captures the meaning and tone of the original English sentence. The use of ""Sumakabilang-buhay"" is a respectful and appropriate way to express ""died"" in Filipino. ""Medyo nalilito na ako"" effectively conveys the speaker's uncertainty and confusion.",5
"The wave returns to the ocean, where it came from, and where it's supposed to be.","Bumabalik ang alon sa karagatan, kung saan ito nanggaling, at kung saan ito dapat nasa.",2.0,The wording feels awkward and unnatural.,"Extremely unnatural wording, especially on ""kung saan ito dapat nasa."" Despite that, it still conveys the rough meaning of the original text.","Rating: 5
Remarks: The translation is accurate, fluent, and uses appropriate lexical choices. The sentence structure is well-preserved, and the meaning is conveyed effectively in Filipino.",5
Sick of tea?! That's like being sick of breathing!,Ayaw mo na ng tsaa?! Parang sinabi mo na ring sawa ka nang huminga!,5.0,Wording is natural and uses appropriate that properly conveys the emotion in the sentence.,Exceptionally natural translation. Even conveying the emotional surprise and colloquial tone of the original text.,"Rating: 5
Remarks: The translation accurately captures the sentiment and meaning of the original English sentence. The use of ""Ayaw mo na ng tsaa?!"" effectively conveys the speaker's disbelief and the comparison to being ""sawa nang huminga!"" is a natural and impactful way to express the absurdity of the statement in Filipino.",5
"I wanted to invite my youngest to go get some ice cream, if he’ll let me.","Gusto ko imbitahin yung pinakabata kong anak para kumuha ng ice cream, kung papayagan niya ako.",3.0,"Not the best translation while its mostly correct its not natural, for more casual contexts yayain is more commonly used, additionally youngest child has a word in tagalog called ""bunso"" that would be more appropriate here.","Although the meaning of the original sentence is there, the delivery is very stinted, especially on its word usage (pinakabata and imbitahin).","Rating: 5
Remarks: The translation is accurate, fluent, and uses appropriate lexical choices. It effectively conveys the original meaning in natural Filipino.",5
"That person has no more respect or love for you, leave them.","Wala nang respeto at pagmamahal yung tao para sa'yo, iwan mo na.",5.0,The sentence flows very well and uses more informal words used in conversation like sa'yo.,"Sounds very natural, capturing the sentiment carried by the original sentence.","Rating: 5
Remarks: The translation accurately conveys the meaning and tone of the original sentence in natural-sounding Filipino. The word choices are appropriate and the grammar is correct.",5
